{"cameraMode":{"drawMode":0,"name":"Shaded","section":"Shading Mode"},"sceneLighting":true,"audioPlay":false,"sceneViewState":{"m_AlwaysRefresh":false,"showFog":true,"showSkybox":true,"showFlares":true,"showImageEffects":true,"showParticleSystems":true,"showVisualEffectGraphs":true,"m_FxEnabled":true},"in2DMode":false,"pivot":{"x":-10.957908630371094,"y":5.498281002044678,"z":10.98794937133789},"rotation":{"x":0.0024244640953838827,"y":-0.9748331308364868,"z":0.008997129276394844,"w":0.22378908097743989},"size":5.091756343841553,"orthographic":false}